[
  {
    "id": "q1",
    "name_ja": "渋谷",
    "name_romaji": "Shibuya",
    "file": "shibuya.jpg"
  },
  {
    "id": "q2",
    "name_ja": "新宿",
    "name_romaji": "Shinjuku",
    "file": "shinjuku.jpg"
  },
  {
    "id": "q3",
    "name_ja": "浅草",
    "name_romaji": "Asakusa",
    "file": "asakusa.jpg"
  },
  {
    "id": "q4",
    "name_ja": "秋葉原",
    "name_romaji": "Akihabara",
    "file": "akihabara.jpg"
  },
  {
    "id": "q5",
    "name_ja": "上野",
    "name_romaji": "Ueno",
    "file": "ueno.jpg"
  }
]